time,hot_list,search_hot_list,overview_search_index,overview_content_index,overview_consume_index
20210612,358,182,182,189,557
20210613,313,196,191,190,417
20210614,229,220,170,166,632
20210615,518,163,148,169,919
20210616,495,147,139,168,747
20210617,343,153,143,139,466
20210618,220,168,172,151,386
20210619,266,165,179,158,395
20210620,232,179,157,155,288
20210621,153,143,125,178,286
20210622,219,141,110,185,352
20210623,227,168,121,169,413
20210624,289,171,133,188,610
20210625,433,199,122,192,583
20210626,254,144,111,199,453
20210627,299,185,116,219,523
20210628,327,158,112,197,897
20210629,666,170,117,186,878
20210630,311,164,118,199,442
20210701,233,172,108,206,346
20210702,206,138,118,241,442
20210703,336,196,139,240,624
20210704,413,217,122,250,628
20210705,324,142,113,288,565
20210706,343,196,165,270,504
20210707,306,298,263,269,366
20210708,298,509,292,291,300
20210709,276,404,331,310,328
20210710,365,634,299,298,365
20210711,279,295,194,277,423
20210712,315,285,168,293,551
20210713,383,214,170,305,565
20210714,327,272,177,304,489
20210715,310,221,175,339,1908
20210716,1742,264,203,365,3510
20210717,1939,316,213,346,2723
20210718,962,284,199,517,1449
20210719,646,256,193,626,1231
20210720,743,283,191,596,1245
20210721,654,247,187,597,1259
20210722,748,256,196,505,1140
20210723,543,259,201,437,793
20210724,407,276,215,500,629
20210725,399,328,227,564,2380
20210726,2176,327,220,475,2384
20210727,392,289,225,439,1154
20210728,946,339,243,542,1935
20210729,1186,345,242,604,2732
20210730,1733,300,248,603,2312
20210731,769,344,277,600,1368
20210801,820,404,270,1008,1203
20210802,599,335,264,1192,1106
20210803,706,347,266,935,1233
20210804,727,336,288,882,1526
20210805,1025,439,329,867,1932
20210806,1165,448,319,917,2056
20210807,1139,403,311,934,1969
20210808,1073,424,332,984,2003
20210809,1188,455,376,1206,2274
20210810,1378,539,445,1253,2181
20210811,1148,629,497,1208,1883
20210812,1094,581,504,1194,2033
20210813,1291,610,465,1109,2178
20210814,1232,562,498,1160,1950
20210815,1089,694,568,1647,1788
20210816,1108,686,542,2428,1901
20210817,1198,678,594,2396,1901
20210818,1163,867,661,1839,1968
20210819,1321,863,628,1623,1911
20210820,1096,839,638,1556,1861
20210821,1285,921,684,1790,2376
20210822,1639,936,735,2024,2844
20210823,1808,1146,800,1966,4123
20210824,1801,1283,881,2007,4291
20210825,2054,1382,962,2201,5027
20210826,3820,1492,930,2329,5550
20210827,2545,1266,932,2232,4135
20210828,2372,1431,1029,2117,4104
20210829,2401,1572,1012,2168,4895
20210830,3196,1546,906,2274,5178
20210831,2805,1369,900,2496,5058
20210901,3074,1515,968,3371,6504
20210902,4333,1605,990,4210,6064
20210903,2577,1598,1157,3979,4881
20210904,3177,1982,1348,3653,5913
20210905,3711,2137,1419,3829,6294
20210906,3633,2179,1388,4248,6045
20210907,3528,2143,1435,4116,5514
20210908,3172,2453,1519,3967,5224
20210909,3287,2317,1478,4109,6618
20210910,4589,2386,1615,4120,8669
20210911,5560,2871,1945,4615,10336
20210912,6611,3480,2112,4713,9633
20210913,4995,3361,1992,5284,8169
20210914,5039,3110,1959,5642,8040
20210915,4840,3203,2114,4946,7145
20210916,4249,3444,2165,5271,6642
20210917,4389,3358,5630,6305,7744
20210918,8912,15306,5807,6500,11926
20210919,8774,4034,2822,7736,22820
20210920,16729,4734,5090,12362,49346
20210921,37637,9752,4842,8974,45994
20210922,12998,3733,1998,2109,15642
20210923,4309,1852,1199,1361,6182
20210924,2868,1491,1031,901,4900
20210925,2905,1435,820,831,4254
20210926,2066,968,595,832,3461
20210927,1918,789,506,751,3334
20210928,1858,692,453,705,3068
20210929,1615,661,427,601,2672
20210930,1440,618,426,431,2552
20211001,1490,641,423,391,2660
20211002,1543,602,390,437,2470
20211003,1271,552,455,438,2720
20211004,1852,802,528,396,6245
20211005,4843,772,474,381,7379
20211006,2937,636,395,355,3745
20211007,1155,524,327,364,1657
20211008,790,438,281,411,1707
20211009,1168,406,315,378,2898
20211010,2171,523,302,340,3341
20211011,1776,365,246,323,2600
20211012,1371,378,271,321,1696
20211013,897,456,280,339,1151
20211014,850,397,254,299,1092
20211015,771,365,236,286,1088
20211016,820,354,244,318,1484
20211017,1202,376,244,279,2010
20211018,1305,350,241,251,1646
20211019,810,376,241,291,1033
20211020,732,348,232,320,871
20211021,668,344,212,420,768
20211022,713,296,210,373,991
20211023,841,334,240,249,1540
20211024,1162,375,227,287,1348
20211025,676,298,211,296,938
20211026,750,337,237,252,1056
20211027,770,365,247,207,902
20211028,554,347,241,222,653
20211029,530,345,249,240,586
20211030,516,384,250,216,546
20211031,468,351,209,214,469
20211101,399,260,203,220,515
20211102,521,354,223,238,534
20211103,453,314,261,228,548
20211104,559,467,292,192,601
20211105,493,391,261,188,592
20211106,513,357,255,182,613
20211107,509,396,268,160,1027
20211108,915,392,248,154,1117
20211109,572,326,331,166,692
20211110,591,689,410,179,501
20211111,473,589,297,177,422
20211112,394,302,241,195,452
20211113,464,398,265,195,503
20211114,473,394,240,186,568
20211115,498,325,222,190,486
20211116,379,343,223,178,405
20211117,408,335,219,184,475
20211118,453,335,240,167,482
20211119,411,379,254,159,507
20211120,482,376,232,177,584
20211121,492,333,236,178,510
20211122,410,378,241,196,432
20211123,439,354,366,203,447
20211124,519,667,384,175,405
20211125,387,416,286,175,412
20211126,457,438,299,195,564
20211127,566,439,259,176,672
20211128,516,338,230,167,579
20211129,439,355,210,164,543
20211130,461,285,212,160,527
20211201,421,361,256,189,498
20211202,500,415,260,201,586
20211203,521,361,255,186,566
20211204,463,409,261,197,514
20211205,491,398,252,211,509
20211206,465,384,237,205,516
20211207,478,353,250,213,615
20211208,582,420,308,218,691
20211209,615,538,3406,216,616
20211210,3594,10716,3639,188,571
20211211,779,1330,643,170,559
20211212,580,767,439,190,565
20211213,598,640,392,180,543
20211214,497,598,341,189,484
20211215,497,470,318,215,454
20211216,472,526,362,216,495
20211217,584,618,360,222,711
20211218,693,526,355,219,681
20211219,542,589,351,215,484
20211220,486,504,381,202,465
20211221,504,568,403,198,462
20211222,495,556,349,206,417
20211223,445,495,332,197,447
20211224,497,494,324,205,462
20211225,466,489,307,200,357
20211226,370,440,346,171,584
20211227,697,600,316,181,1094
20211228,869,368,251,196,1348
20211229,904,392,256,197,1477
20211230,1003,382,227,223,1665
20211231,1091,301,228,218,1440
20220101,784,418,236,192,854
20220102,498,365,247,172,537
20220103,458,454,255,174,461
20220104,432,391,247,186,401
20220105,402,427,255,167,368
20220106,388,419,246,195,531
20220107,584,397,219,244,708
20220108,587,328,228,218,915
20220109,774,427,252,202,795
20220110,475,410,233,208,404
20220111,370,365,226,199,412
20220112,467,384,229,187,491
20220113,440,376,233,177,478
20220114,448,397,227,182,499
20220115,460,354,221,179,532
20220116,472,379,222,250,479
20220117,479,358,209,258,418
20220118,406,334,214,206,503
20220119,517,374,216,200,648
20220120,547,342,216,175,805
20220121,649,376,236,174,725
20220122,486,408,286,161,492
20220123,453,541,290,145,397
20220124,379,421,245,179,379
20220125,424,391,234,200,458
20220126,468,384,204,208,450
20220127,394,293,192,214,396
20220128,408,345,204,199,410
20220129,405,332,187,167,392
20220130,341,290,172,163,328
20220131,322,281,168,150,335
20220201,331,276,197,111,429
20220202,406,379,217,123,506
20220203,440,341,197,153,468
20220204,378,311,199,188,411
20220205,420,348,211,224,393
20220206,408,351,227,269,393
20220207,481,401,241,333,497
20220208,590,399,234,427,747
20220209,818,379,226,450,908
20220210,766,371,235,457,934
20220211,860,407,257,486,920
20220212,803,446,244,429,871
20220213,741,365,251,425,831
20220214,766,468,289,610,904
20220215,1037,492,271,476,911
20220216,621,410,251,192,632
20220217,454,426,231,387,429
20220218,593,341,226,2107,389
20220219,2129,408,246,2391,432
20220220,940,410,246,1082,415
20220221,803,407,252,609,370
20220222,428,428,245,202,331
20220223,350,385,243,200,266
20220224,359,421,253,229,270
20220225,393,417,260,248,295
20220226,410,446,247,250,325
20220227,412,374,241,241,310
20220228,380,426,250,238,279
20220301,387,404,235,225,803
20220302,876,376,227,184,1189
20220303,724,377,236,249,810
20220304,571,404,233,291,698
20220305,651,370,238,258,831
20220306,676,421,224,282,702
20220307,532,321,211,269,517
20220308,465,378,241,240,388
20220309,404,422,247,261,312
20220310,416,400,285,309,351
20220311,529,550,371,255,409
20220312,506,685,375,165,391
20220313,425,561,302,168,321
20220314,366,441,286,158,342
20220315,420,507,284,166,353
20220316,383,436,253,172,301
20220317,343,404,272,174,326
20220318,429,498,326,202,464
20220319,563,585,335,214,557
20220320,543,530,321,199,623
20220321,600,540,304,196,566
20220322,466,472,284,213,452
20220323,483,472,294,193,456
20220324,460,504,291,177,444
20220325,452,461,736,186,471
20220326,941,1988,777,187,446
20220327,469,599,351,220,356
20220328,458,567,339,223,318
20220329,422,558,343,187,326
20220330,434,581,341,168,340
20220331,415,551,312,146,342
20220401,385,486,294,157,332
20220402,398,492,319,190,328
20220403,439,569,340,181,346
20220404,428,562,409,139,411
20220405,531,800,450,124,393
20220406,436,697,413,128,320
20220407,425,675,389,143,689
20220408,796,618,414,151,1136
20220409,905,757,440,158,1087
20220410,780,705,416,212,888
20220411,736,678,409,219,680
20220412,572,683,382,187,581
20220413,578,588,360,210,592
20220414,584,607,369,283,649
20220415,717,620,379,332,749
20220416,743,641,380,356,698
20220417,691,621,363,379,613
20220418,664,586,356,412,807
20220419,911,598,384,361,832
20220420,666,678,396,394,757
20220421,881,638,379,423,779
20220422,700,621,383,277,687
20220423,647,653,393,277,615
20220424,638,655,369,351,516
20220425,598,571,346,340,482
20220426,570,580,341,322,526
20220427,619,556,372,390,484
20220428,627,682,381,461,449
20220429,664,585,372,493,490
20220430,691,651,379,428,482
20220501,598,609,363,260,403
20220502,428,600,375,215,303
20220503,465,650,415,253,317
20220504,520,732,511,253,355
20220505,599,968,648,355,447
20220506,851,1188,792,493,508
20220507,942,1447,730,404,502
20220508,694,982,544,353,531
20220509,734,827,486,414,706
20220510,872,788,443,338,743
20220511,652,685,464,355,646
20220512,813,858,705,582,633
20220513,1107,1490,753,529,568
20220514,743,1018,828,345,511
20220515,941,1740,782,396,522
20220516,759,864,509,437,573
20220517,760,828,489,686,518
20220518,933,800,459,903,423
20220519,852,730,457,890,408
20220520,903,791,479,608,437
20220521,621,802,469,428,424
20220522,700,757,488,490,444
20220523,722,864,483,361,436
20220524,558,743,454,292,388
20220525,576,770,613,625,418
20220526,1080,1272,809,1290,497
20220527,1516,1422,689,1231,533
20220528,937,873,504,1077,550
20220529,1194,806,453,1209,636
20220530,1104,703,211,900,871
20220531,1080,672,164,498,871
20220601,655,545,370,297,1093
20220602,1105,684,420,330,1523
20220603,1168,712,430,306,1436
20220604,1004,718,412,244,1393
20220605,1045,653,422,264,1378
20220606,1019,752,446,289,2200
20220607,1916,732,446,315,2900
20220608,1745,753,461,343,2421
20220609,1480,782,537,335,1906
20220610,1298,1004,518,336,1699
20220611,1255,718,443,336,1570
20220612,1094,754,438,324,1360
20220613,1028,702,749,339,1208
20220614,1268,1791,976,347,1064
20220615,1119,1457,749,324,1045
20220616,999,1035,605,295,1136
20220617,1037,978,624,246,1172
20220618,1005,1099,932,190,1182
20220619,1299,2006,1342,167,1222
20220620,1432,2464,1189,178,1450
20220621,1385,1494,1047,218,1493
20220622,1373,1991,965,290,1345
20220623,1227,1221,830,362,1393
20220624,1358,1541,832,390,1416
20220625,1280,1229,734,388,1423
20220626,1265,1214,627,392,1490
20220627,1244,873,532,408,1562
20220628,1258,898,564,412,1481
20220629,1199,979,541,422,1681
20220630,1445,823,560,461,1995
20220701,1571,1041,664,498,2111
20220702,1702,1168,689,525,2694
20220703,2206,1126,675,513,2666
20220704,1648,1122,662,519,2011
20220705,1544,1081,1114,542,1868
20220706,1980,2627,1142,574,1948
20220707,1684,1174,681,576,1952
20220708,1525,1093,615,565,1733
20220709,1388,954,629,587,1663
20220710,1491,1139,645,601,1732
20220711,1487,1007,719,664,1918
20220712,1814,1386,770,715,2329
20220713,2000,1177,891,747,2718
20220714,2356,1788,883,791,2522
20220715,1840,1152,682,802,3006
20220716,2650,1120,729,863,3899
20220717,2841,1310,810,1041,5109
20220718,4119,1388,917,1253,6470
20220719,4521,1665,972,1451,6210
20220720,4112,1572,991,1678,7031
20220721,5588,1727,1082,1903,7948
20220722,5345,1875,1266,2198,8803
20220723,6922,2341,1750,2596,10772
20220724,8196,3487,2067,2928,12291
20220725,9090,3397,2732,3281,14681
20220726,11604,5704,2901,3366,14165
20220727,8828,3963,2126,3056,10455
20220728,6809,3121,1828,2624,7647
20220729,5290,2970,2141,2358,6236
20220730,5445,4164,2468,2342,6198
20220731,5563,4060,2321,2504,5516
20220801,4778,3674,2076,2726,5988
20220802,6012,3243,2066,2746,7023
20220803,5823,3641,2101,2696,6674
20220804,5648,3360,2067,2821,7457
20220805,6697,3527,2223,2957,7449
20220806,5932,3877,2270,2980,7284
20220807,6602,3685,2486,3143,8299
20220808,7326,4599,3000,3352,8711
20220809,7737,5400,3715,3493,9999
20220810,9470,6983,4009,3675,11994
20220811,10208,6378,3794,3679,12641
20220812,9906,6266,3806,3725,12637
20220813,10262,6420,3872,3910,16452
20220814,13972,6485,3674,4126,16631
20220815,10459,5757,3637,4563,14715
20220816,12456,6361,3898,4766,14109
20220817,10317,6629,4025,4894,12717
20220818,11319,6784,3983,5054,15311
20220819,13029,6488,4150,5187,17256
20220820,13564,7342,4831,5234,16943
20220821,13444,8758,5181,5613,16490
20220822,13840,8508,5012,6046,16913
20220823,14131,8195,5071,6171,17857
20220824,14968,8705,5457,6933,18819
20220825,16241,9482,5694,7525,19419
20220826,16397,9495,6012,7736,19318
20220827,16669,10543,6697,8017,19860
20220828,17905,11780,6733,8010,20335
20220829,17173,10661,6230,8176,19335
20220830,16568,10101,6254,7856,22957
20220831,20499,10741,6925,6850,23446
20220901,16722,12337,8299,6488,19986
20220902,18051,15322,9984,6630,20456
20220903,19019,17955,12616,6758,21033
20220904,21388,24095,12792,6704,21607
20220905,19715,18542,11032,6776,21581
20220906,19674,18229,11391,9495,30194
20220907,31406,19739,12923,14481,43016
20220908,39014,23334,17092,20082,47328
20220909,45488,33636,19320,30602,69578
20220910,74012,30763,13867,22571,66758
20220911,29184,15458,7651,5245,31786
20220912,15498,10042,5284,2682,18010
20220913,10478,7568,4123,1809,12398
20220914,7852,6172,3234,1449,9182
20220915,6013,4604,2474,1205,6751
20220916,4417,3637,2148,1099,5208
20220917,4038,3518,2037,1034,4633
20220918,3666,3270,1794,895,3914
20220919,2937,2710,1580,757,3390
20220920,2790,2554,1542,677,4067
20220921,3496,2581,1616,652,4280
20220922,3052,2801,1517,618,3326
20220923,2409,2253,1347,610,3004
20220924,2552,2236,1345,607,3172
20220925,2572,2246,1327,541,2699
20220926,1995,2174,1214,512,2219
20220927,1950,1868,1040,507,2084
20220928,1681,1594,923,492,1929
20220929,1663,1477,915,504,2026
20220930,1782,1568,1894,665,2270
20221001,3047,4743,1977,657,2566
20221002,2153,1844,1047,466,3064
20221003,2424,1642,1402,444,2793
20221004,2215,3027,4264,669,2047
20221005,4765,11183,3820,676,1979
20221006,1710,1547,966,427,1939
20221007,1622,1669,930,369,1659
20221008,1336,1430,1228,463,1516
20221009,1871,2663,1209,473,1439
20221010,1250,1366,752,333,1302
20221011,1137,1140,739,304,1145
20221012,1051,1321,822,308,1118
20221013,1197,1414,910,314,1255
20221014,1282,1614,1242,328,1242
20221015,1530,2523,1114,318,1171
20221016,1073,1189,828,299,1128
20221017,1182,1567,1050,292,1532
20221018,1692,1929,1125,292,1849
20221019,1574,1820,1074,294,2165
20221020,1959,1760,1256,281,2080
20221021,1658,2424,1044,272,1523
20221022,1181,1051,643,276,1465
20221023,1203,1088,882,280,1284
20221024,1243,1847,927,277,1077
20221025,1038,1237,690,270,1049
20221026,971,1057,806,261,963
20221027,1059,1624,913,260,955
20221028,1069,1415,883,272,1162
20221029,1248,1524,993,279,1294
20221030,1318,1781,1024,261,1318
20221031,1285,1627,851,236,1507
20221101,1309,1205,899,240,1503
20221102,1333,1787,1266,262,1203
20221103,1398,2430,1168,263,1935
20221104,1968,1461,1168,266,2397
20221105,1863,2429,1017,261,1654
20221106,1069,959,589,256,1167
20221107,943,1003,619,285,2196
20221108,2157,1060,692,291,3144
20221109,1970,1246,713,294,2511
20221110,1548,1127,799,313,2613
20221111,2177,1532,1013,302,2506
20221112,1644,1842,930,267,2077
20221113,1630,1255,740,253,1819
20221114,1182,1209,693,283,1198
20221115,992,1099,642,306,1074
20221116,1030,1039,620,298,1103
20221117,991,1026,619,273,1138
20221118,1039,1035,619,282,1265
20221119,1127,1026,653,292,1304
20221120,1122,1150,741,295,1505
20221121,1419,1317,799,304,1468
20221122,1152,1342,802,274,1301
20221123,1225,1327,825,268,1667
20221124,1535,1419,999,336,3333
20221125,3133,1908,1454,381,4588
20221126,3290,2934,1785,365,3512
20221127,2372,3012,1502,351,2211
20221128,1692,1992,1840,318,1803
20221129,2269,4140,2156,293,2589
20221130,2769,3046,1354,269,2564
20221201,1418,1466,929,245,1332
20221202,1088,1629,1129,262,967
20221203,1270,2132,1273,260,1102
20221204,1365,2110,1344,243,1269
20221205,1491,2368,1262,240,1323
20221206,1334,1836,910,249,1275
20221207,1100,1194,1310,284,2207
20221208,2701,3168,1516,304,2534
20221209,1653,1881,1033,293,1646
20221210,1319,1560,917,270,1286
20221211,1154,1496,816,263,1037
20221212,962,1223,728,263,1691
20221213,1720,1201,856,244,2084
20221214,1464,1650,869,236,1379
20221215,1020,1246,721,240,1231
20221216,1172,1156,636,235,1671
20221217,1370,963,541,209,1508
20221218,888,838,553,192,1139
20221219,996,1001,630,196,1298
20221220,1128,1096,640,198,1225
20221221,935,1036,605,205,1184
20221222,1059,979,565,214,1273
20221223,993,901,529,208,1179
20221224,923,860,552,206,1215
20221225,1050,977,543,226,1131
20221226,850,830,519,221,969
20221227,859,900,538,216,1182
20221228,1077,891,532,230,1237
20221229,922,880,511,237,1110
20221230,936,821,527,267,1005
20221231,863,932,541,296,1054
20230101,1028,870,525,287,1125
20230102,909,880,1155,272,927
20230103,1445,2969,1967,257,849
20230104,1628,3584,1944,257,730
20230105,1303,2892,1720,272,604
20230106,1293,2837,1668,288,598
20230107,1261,2718,1696,297,821
20230108,1553,2933,1810,293,1059
20230109,1609,3100,1750,294,905
20230110,1340,2732,1837,288,701
20230111,1486,3388,1941,328,655
20230112,1438,3079,1936,323,745
20230113,1566,3373,1808,273,778
20230114,1293,2653,1512,278,694
20230115,1191,2386,1420,285,909
20230116,1423,2345,1418,275,1128
20230117,1398,2378,1536,252,866
20230118,1256,2739,1533,254,585
20230119,1116,2369,1313,256,575
20230120,1028,2005,1087,248,575
20230121,882,1616,1032,256,537
20230122,943,1821,1088,258,692
20230123,1095,1801,1124,266,1370
20230124,1665,1943,1224,293,1408
20230125,1260,2136,1312,344,897
20230126,1293,2234,1395,428,943
20230127,1473,2412,1445,543,997
20230128,1512,2403,1494,572,1000
20230129,1554,2574,1477,598,1149
20230130,1670,2345,1493,675,1311
20230131,1809,2629,2630,691,1310
20230201,2822,6135,3046,681,1299
20230202,2204,4014,2409,692,1936
20230203,2833,4011,2247,730,2290
20230204,2434,3475,2265,869,4064
20230205,4764,4072,2142,652,5140
20230206,3170,3064,1765,265,3653
20230207,2513,2816,1668,225,2505
20230208,1885,2741,1653,236,1649
20230209,1653,2764,1625,248,1626
20230210,1846,2650,1682,268,2090
20230211,2194,2955,1779,276,2081
20230212,1942,2973,1787,248,1609
20230213,1702,2983,1598,249,1231
20230214,1376,2341,1727,254,1102
20230215,1707,3411,2130,247,999
20230216,1669,3686,2146,250,819
20230217,1546,3464,1985,261,963
20230218,1663,3150,2004,260,999
20230219,1600,3530,2031,232,895
20230220,1558,3238,1967,252,929
20230221,1590,3315,2196,259,1021
20230222,1886,4001,2406,346,2773
20230223,1618,3501,2303,446,4516
20230224,1549,3127,2345,416,4691
20230225,1747,3639,2417,410,4658
20230226,1613,3380,2128,388,4583
20230227,1397,2745,2005,379,4553
20230228,1441,2997,1970,402,4686
20230301,1380,2635,1876,408,4576
20230302,1417,2702,1972,416,4434
20230303,1468,2905,2018,414,4555
20230304,1458,2844,2990,420,5571
20230305,2769,6042,4730,397,6590
20230306,3385,8489,4396,375,5948
20230307,2158,4937,2948,399,5059
20230308,1759,3738,2524,406,4732
20230309,1719,3565,2768,404,4313
20230310,1889,4614,3507,410,4183
20230311,2420,6023,4285,407,5053
20230312,2988,7139,3422,423,4918
20230313,1542,3215,2133,445,4069
20230314,1435,2930,1960,448,4033
20230315,1349,2666,1891,396,4131
20230316,1343,2713,1981,339,4436
20230317,1461,2952,2213,372,4392
20230318,1580,3448,2705,392,4480
20230319,2078,4496,2755,374,4672
20230320,1770,3619,2350,389,4175
20230321,1517,3221,2317,396,4626
20230322,1914,3525,2428,412,4704
20230323,1652,3591,2453,408,4703
20230324,1802,3600,2713,421,5135
20230325,2059,4398,3199,471,5005
20230326,2296,5148,2956,472,4892
20230327,1734,3621,2376,452,4537
20230328,1571,3264,2177,423,4336
20230329,1438,3024,2148,422,4190
20230330,1510,3206,2147,416,4301
20230331,1509,2985,2144,359,4395
20230401,1495,3171,2400,309,4403
20230402,1740,3822,2695,220,2761
20230403,1979,4658,2758,153,990
20230404,1922,4533,2781,161,1314
20230405,2334,4735,2620,164,1543
20230406,1993,3994,2262,167,1251
20230407,1687,3542,2183,154,1174
20230408,1824,3733,2314,152,1337
20230409,1979,3979,2157,175,1193
20230410,1546,3207,2068,174,1150
20230411,1846,3681,2192,168,1208
20230412,1722,3621,2192,170,1102
20230413,1742,3681,2234,160,1110
20230414,1762,3761,2356,155,1131
20230415,1880,4089,2567,154,1016
20230416,1857,4465,2916,153,844
20230417,2056,5252,3008,161,994
20230418,2107,4772,2785,166,1089
20230419,1933,4510,2624,195,986
20230420,1872,4235,2719,221,1064
20230421,2132,4825,3072,205,1216
20230422,2361,5412,3230,198,1330
20230423,2397,5352,3112,252,1359
20230424,2326,5019,2982,325,1525
20230425,2506,4918,2863,333,1419
20230426,2109,4622,2615,336,1116
20230427,1958,4093,2494,386,1122
20230428,2044,4217,2553,446,1030
20230429,1985,4288,2429,448,986
20230430,1878,3806,2298,469,995
20230501,1884,3851,2487,436,1245
20230502,2284,4435,4468,324,1602
20230503,4110,10456,4687,283,1482
20230504,2342,5164,2962,357,1579
20230505,2556,4704,3726,731,2038
20230506,3939,7712,4758,1026,2047
20230507,3892,8146,6332,874,1898
20230508,5212,12957,8512,847,1899
20230509,6046,15413,8161,900,2232
20230510,5247,11790,7206,995,2829
20230511,5783,12229,7519,1135,2579
20230512,5450,12831,8525,1002,2027
20230513,6104,15581,7641,797,1741
20230514,4075,9886,5000,671,1400
20230515,2996,6779,3712,635,1227
20230516,2578,5591,3514,550,1440
20230517,2926,6118,3609,518,1564
20230518,2765,5907,3399,542,1453
20230519,2629,5418,4617,532,1831
20230520,4351,9968,5563,534,2071
20230521,3817,8571,4553,536,2085
20230522,3357,6603,4217,552,1924
20230523,3336,7453,4068,545,1792
20230524,3069,6106,3660,525,1737
20230525,2853,6092,3692,566,1616
20230526,3021,6211,3846,572,1660
20230527,3057,6606,3899,487,1627
20230528,2956,6389,3595,462,1416
20230529,2517,5592,3221,537,1199
20230530,2440,5141,3207,564,1463
20230531,2794,5545,3555,537,1678
20230601,2976,6302,3610,482,1485
20230602,2601,5727,4048,423,1418
20230603,3288,7761,4641,420,1520
20230604,3293,7705,4312,494,1497
20230605,3010,6665,4010,737,1429
20230606,3166,6700,3880,818,1405
20230607,2937,6232,3616,827,1456
20230608,2962,5818,3559,914,1279
20230609,2790,6042,3979,891,999
20230610,3079,7219,5797,892,992
20230611,4602,12102,8017,890,998
20230612,5303,14617,9611,747,904
20230613,5959,17414,8490,628,2298
20230614,5457,10882,6310,695,2401
20230615,3949,10147,5755,801,1062
20230616,3669,9032,5637,799,1118
20230617,3885,9754,6325,793,1053
20230618,4286,11326,5775,870,895
20230619,3254,7921,4252,972,799
20230620,2769,6250,3682,972,710
20230621,2595,6023,3553,742,729
20230622,2429,5820,3815,666,910
20230623,2962,6894,4241,793,1239
20230624,3311,7239,4549,900,1354
20230625,3492,7923,4291,939,1121
20230626,2859,6380,4038,1080,1055
20230627,3314,7078,4262,978,1140
20230628,3066,7124,4589,749,1175
20230629,3447,8170,5737,821,1181
20230630,4292,10952,7826,854,1141
20230701,5529,15132,8749,860,1360
20230702,5440,14027,7923,988,1490
20230703,4961,12380,7445,1072,1475
20230704,5031,12434,8545,1263,1646
20230705,6423,16046,9394,1779,1687
20230706,6437,15264,8915,1858,1455
20230707,5791,14447,7815,1663,1459
20230708,5146,11598,6987,1539,1522
20230709,4902,11689,6666,1538,1469
20230710,4771,10527,6482,1601,1481
20230711,4793,11074,6875,1650,1539
20230712,5271,11837,7476,1909,1753
20230713,5867,13079,8603,2031,2415
20230714,7182,15594,9247,2289,2784
20230715,7138,15225,10741,2199,2446
20230716,8248,20574,12441,2302,2548
20230717,9043,20892,11366,2804,2637
20230718,7764,16992,9041,2823,2653
20230719,6753,13143,9526,3592,3523
20230720,9888,18609,13968,5631,5128
20230721,14839,27948,19739,7140,6321
20230722,18361,37844,21777,6552,6221
20230723,16189,34742,17325,5217,4989
20230724,11342,23004,12853,4557,3873
20230725,9941,19834,12029,4017,3611
20230726,9716,20260,12752,4008,3749
20230727,10793,22245,13031,4544,4397
20230728,11179,21189,12389,4654,4066
20230729,9930,20105,12217,4328,3411
20230730,10026,20616,12395,4558,3538
20230731,10465,20700,13732,5200,3401
20230801,11868,25072,14121,5181,3477
20230802,10911,21996,13859,4981,3952
20230803,11881,24199,14623,5310,4601
20230804,12653,24541,14681,6136,4847
20230805,13011,24391,14066,6050,4559
20230806,11664,22491,13695,5629,4332
20230807,11992,23155,14244,5615,4719
20230808,12586,24323,14036,5640,5155
20230809,12245,22463,14028,5430,5526
20230810,12739,24296,14892,5090,6226
20230811,13469,25342,15361,5777,6740
20230812,14409,25858,16114,7665,7869
20230813,17239,27851,16955,8572,8334
20230814,16622,28663,16308,7756,6995
20230815,14437,25694,27835,7040,5748
20230816,26186,67086,60406,6880,5971
20230817,47071,134264,53747,7064,6355
20230818,20095,44887,23704,6944,6114
20230819,16667,34121,21632,7670,6748
20230820,19383,37982,23573,10353,7525
20230821,22068,40592,30873,12789,10046
20230822,31640,62315,34844,11944,12174
20230823,27322,53830,31694,10559,10882
20230824,25813,51816,36265,12427,12996
20230825,35875,69065,45859,14707,17781
20230826,42472,83794,50487,14031,18156
20230827,40202,84491,57291,13062,14628
20230828,44779,106476,66626,12772,14150
20230829,48769,115607,73167,13468,17882
20230830,55748,128278,81699,15102,20030
20230831,61083,144049,81550,15408,20037
20230901,55912,127783,77912,15266,20273
20230902,57539,131923,77314,14226,19011
20230903,53012,125789,76238,13684,15179
20230904,52089,128336,74777,13543,13157
20230905,49388,120919,73326,13418,14403
20230906,51759,123498,74409,14074,16195
20230907,52919,124528,77680,16711,21195
20230908,62667,134401,83055,18475,23000
20230909,61863,142445,85933,17340,19798
20230910,61208,143995,88011,17223,17757
20230911,61783,149371,91498,17807,17688
20230912,65210,155620,97107,18959,18258
20230913,69114,168068,93838,19750,17172
20230914,61646,144721,92059,19679,18972
20230915,69064,162138,103980,19290,21186
20230916,75392,184457,115087,18678,22974
20230917,81347,199163,134524,18885,23968
20230918,96030,249250,137772,19344,22674
20230919,83760,209987,139706,18801,21194
20230920,95941,255695,147934,18468,20656
20230921,91117,237415,141857,18500,20977
20230922,90217,235437,136491,18409,22523
20230923,87206,219529,142747,18071,23615
20230924,97227,256293,145864,16662,20578
20230925,85877,229918,139653,14772,17663
20230926,86211,235588,126129,12334,30279
20230927,82531,184837,127201,10130,35772
20230928,90572,239162,198203,10381,34637
20230929,152649,421511,200457,8972,30773
20230930,87553,246674,109105,6273,15652
20231001,43477,117006,60050,4866,9214
20231002,30653,83159,50138,3463,6982
20231003,29930,83964,47521,3219,8710
20231004,29520,74435,42581,3169,10562
20231005,26792,67498,38561,2594,7762
20231006,22125,61036,36587,2245,5381
20231007,22088,60920,37414,2105,5272
20231008,22703,63791,32054,2001,4752
20231009,16104,43052,23945,2047,4253
20231010,14141,36763,22518,1848,3708
20231011,13933,38295,23492,1695,3540
20231012,14794,40009,23015,1517,4439
20231013,14177,36705,20915,1389,5059
20231014,13186,33007,19315,1441,4185
20231015,11755,31372,17905,1769,2872
20231016,10791,28310,16837,1634,2645
20231017,10325,27812,16255,1323,3052
20231018,10305,26369,14236,1535,2702
20231019,8168,21083,12423,1684,2078
20231020,8017,20324,12016,1525,2355
20231021,7879,19725,11927,1367,2375
20231022,7790,20027,10867,1453,1944
20231023,6474,16193,9536,1516,1632
20231024,6210,15593,9269,1422,1707
20231025,6188,15302,8765,1350,1659
20231026,5586,13912,8745,1416,1432
20231027,6007,15236,8678,1396,1482
20231028,5549,13690,8816,1315,1498
20231029,6080,15695,8240,1328,1400
20231030,4888,11768,8376,1433,1210
20231031,6131,16150,9164,1401,926
20231101,5360,14396,9199,1232,857
20231102,5928,16264,9786,1185,921
20231103,5964,16351,9232,873,960
20231104,5101,14417,8627,655,990
20231105,5171,14334,8079,766,934
20231106,4608,12592,7101,808,905
20231107,4206,11076,6956,678,1008
20231108,4436,12108,6426,600,1026
20231109,3616,9309,5449,632,1108
20231110,3573,8851,5580,656,1314
20231111,3977,9745,5137,684,1427
20231112,3271,7376,4310,894,1254
20231113,3187,6989,4523,988,2199
20231114,4523,8084,4801,862,2698
20231115,3838,7914,4507,808,1541
20231116,3018,7105,4136,662,1131
20231117,2911,6678,4296,737,3021
20231118,5143,7640,4827,811,3308
20231119,3803,8449,4767,914,1367
20231120,3245,7439,4347,1050,1793
20231121,3945,7049,4452,1037,1853
20231122,3397,7789,4551,1168,1133
20231123,3455,7380,4454,1177,1197
20231124,3373,7464,4730,959,2305
20231125,4621,8299,4725,699,2736
20231126,3539,7448,4485,777,1611
20231127,3334,7497,4326,911,949
20231128,2852,6920,4009,856,695
20231129,2708,6441,3750,1088,752
20231130,2882,6054,4024,1091,1430
20231201,3663,7354,4564,968,2573
20231202,4442,7854,4930,1039,3508
20231203,5035,8575,5033,1038,2680
20231204,3716,8200,4627,1049,1546
20231205,3506,7223,4140,1233,1380
20231206,3247,6574,4268,1112,1090
20231207,3223,7647,4654,924,1229
20231208,3584,7862,7178,1078,1373
20231209,6045,16063,22993,1056,1110
20231210,19114,60579,47029,991,775
20231211,29681,96183,56737,899,697
20231212,28652,92938,51288,970,757
20231213,24363,78018,33410,1055,725
20231214,10827,33346,11962,859,691
20231215,2685,6526,4001,884,670
20231216,2870,6810,3914,897,584
20231217,2525,6235,3565,770,571
20231218,2381,5645,3383,867,677
20231219,2546,5629,3890,948,758
20231220,3050,7334,13522,1014,754
20231221,12240,37735,24644,923,820
20231222,14147,44409,17043,714,767
20231223,4377,12398,6958,791,627
20231224,3999,10793,5658,862,516
20231225,3037,8065,4351,759,454
20231226,2527,6435,4321,778,508
20231227,3080,7964,4118,885,796
20231228,2719,5760,3395,913,792
20231229,2381,5554,3136,758,499
20231230,2012,4896,2813,820,453
20231231,2074,4478,2821,870,455
20240101,2072,4922,2800,710,495
20240102,1933,4410,2606,649,645
20240103,1967,4275,2682,517,686
20240104,1918,4663,2647,469,591
20240105,1789,4158,2647,556,621
20240106,2035,4663,2866,503,695
20240107,2029,4887,2899,488,625
20240108,1983,4773,2810,550,606
20240109,1983,4593,2678,738,583
20240110,2016,4331,2578,948,460
20240111,1970,4259,2483,967,442
20240112,1922,4016,2536,843,434
20240113,1891,4434,2702,675,484
20240114,1970,4569,2649,693,472
20240115,1844,4257,2555,730,437
20240116,1878,4254,2580,708,478
20240117,1888,4343,2543,832,443
20240118,1930,4131,2589,854,478
20240119,1991,4496,2701,803,546
20240120,2059,4504,2826,884,505
20240121,2156,4912,2781,853,574
20240122,2052,4354,2771,755,575
20240123,2049,4878,2934,676,486
20240124,2047,4900,2920,704,501
20240125,2078,4833,2845,731,463
20240126,1961,4647,3436,702,514
20240127,2691,6802,4565,692,649
20240128,3215,8412,4241,794,597
20240129,2417,5722,3237,822,483
20240130,2125,5066,3087,722,459
20240131,2143,5221,3146,755,507
20240201,2265,5261,3103,902,692
20240202,2432,5077,2907,816,837
20240203,2128,4609,2736,563,754
20240204,1925,4509,2709,467,587
20240205,1838,4520,3028,334,491
20240206,2015,5573,3053,245,411
20240207,1694,4601,2787,244,474
20240208,1811,4685,2609,188,568
20240209,1554,4009,2463,173,527
20240210,1609,4200,2808,192,969
20240211,2360,5160,3422,196,2128
20240212,3386,6246,3160,220,1889
20240213,1883,4286,2711,450,959
20240214,2237,4747,2873,696,924
20240215,2256,4825,2820,741,897
20240216,2202,4573,2707,601,857
20240217,1963,4449,2824,485,769
20240218,2115,4963,3113,569,795
20240219,2362,5412,3570,550,815
20240220,2573,6485,3886,563,851
20240221,2727,6465,4233,698,870
20240222,3074,7642,4340,778,1035
20240223,3079,6821,4387,746,1423
20240224,3477,7799,4005,503,2195
20240225,3226,5549,3131,610,2237
20240226,2752,4884,2680,753,1146
20240227,1827,4045,2504,545,593
20240228,1815,4298,2745,526,666
20240229,2122,4848,2911,540,879
20240301,2208,4853,3067,579,949
20240302,2387,5367,3246,558,892
20240303,2309,5449,3210,523,833
20240304,2257,5248,3158,527,771
20240305,2199,5275,3044,471,928
20240306,2244,4869,2908,552,877
20240307,2093,4822,3164,658,633
20240308,2362,5722,3718,789,583
20240309,2728,6670,3749,776,701
20240310,2498,5826,3369,737,709
20240311,2317,5403,3254,797,551
20240312,2285,5442,3349,859,532
20240313,2455,5718,3651,889,580
20240314,2665,6448,4435,1040,871
20240315,3681,8333,4528,1161,863
20240316,2871,6758,4143,932,637
20240317,2841,7050,6443,1006,757
20240318,5365,14425,7923,1217,790
20240319,4565,11982,6253,1218,699
20240320,3605,8858,4886,1171,688
20240321,3140,7425,4250,1178,689
20240322,2977,6737,4461,1092,656
20240323,3232,8127,4625,829,668
20240324,2890,7285,4238,753,627
20240325,2728,6838,4196,810,664
20240326,2942,7146,4268,911,718
20240327,2955,7079,4496,1159,648
20240328,3348,7904,5255,1296,937
20240329,4140,9607,5010,1247,1071
20240330,3188,7087,4148,1201,783
20240331,2944,6736,4079,1226,609
20240401,2970,6859,4578,1329,571
20240402,3508,8400,5121,1414,656
20240403,3683,8669,5467,1374,736
20240404,3894,9551,5380,1301,774
20240405,3561,8378,4962,1361,871
20240406,3633,8158,4819,1484,1873
20240407,4543,7901,4588,1466,1802
20240408,3313,7390,4578,1232,787
20240409,3284,7870,4670,1666,706
20240410,3758,7694,4573,1806,592
20240411,3213,7545,4510,1562,555
20240412,3414,7486,4654,1944,603
20240413,3787,8025,23776,1757,821
20240414,22567,71225,3203181,1594,3061
20240415,3185269,10606042,4395666,1662,6210
20240416,1218269,4046174,1637925,1623,5718
20240417,426997,1413573,1099147,2034,3259
20240418,677443,2250247,824558,2089,1866
20240419,151070,498274,299770,1748,1597
20240420,152045,500956,257032,1671,1913
20240421,108571,355815,161477,2145,2785
20240422,57836,182439,228288,2523,3306
20240423,176281,578518,206181,2195,2325
20240424,34420,108750,48984,2740,1449
20240425,18753,54529,28991,2927,1150
20240426,14315,42106,24225,2355,1083
20240427,13348,38641,27062,2526,1084
20240428,17324,51561,46480,2876,1032
20240429,33064,103369,54090,2773,1812
20240430,25611,76929,44261,2525,2375
20240501,23550,70606,35455,2382,1813
20240502,16100,47574,23724,2028,1562
20240503,11214,31503,19264,1758,1619
20240504,11427,32708,18501,1952,1382
20240505,10408,28959,16751,2224,1019
20240506,9586,26875,15463,2231,939
20240507,9047,24664,22494,2254,991
20240508,16692,50311,35430,2039,1003
20240509,21780,67785,43288,2029,1131
20240510,24668,76505,39828,2252,1198
20240511,18610,56252,41569,2270,1460
20240512,26689,82310,42877,2319,1518
20240513,20025,60611,31192,2331,1331
20240514,14829,43360,21520,2715,1292
20240515,10698,28372,18715,2901,1140
20240516,12058,34007,17155,2585,1036
20240517,8718,23172,13219,2334,1014
20240518,7849,20887,13331,2138,1073
20240519,8693,23544,13197,2277,1156
20240520,7937,20442,12999,2231,1377
20240521,8670,22886,25075,2238,1393
20240522,20036,60694,34244,2284,1178
20240523,17670,53450,27739,1814,1164
20240524,13047,39011,20240,1579,1186
20240525,9958,28453,16991,1661,1170
20240526,9864,28182,16805,1755,1144
20240527,9840,27831,15996,1815,1070
20240528,9041,25485,16013,1876,1303
20240529,10151,27887,17665,2441,1907
20240530,11862,30993,25943,3047,2137
20240531,19265,55483,35963,2948,2191
20240601,21837,64391,34057,2503,2021
20240602,16744,49128,30876,2568,1521
20240603,18221,53787,30264,2997,1316
20240604,16356,47087,27870,2904,1575
20240605,15993,45810,25575,3163,1634
20240606,14379,39439,22249,3236,1359
20240607,12465,34721,21838,2444,1268
20240608,13085,38070,22155,2012,1092
20240609,12174,35779,22937,1753,868
20240610,13384,40675,20817,1731,780
20240611,9944,28713,18685,1809,1037
